{
  "abstract_label_only_precision": 0.5,
  "abstract_label_only_recall": 0.42857142857142855,
  "abstract_label_only_f1": 0.4615384615384615,
  "abstract_rationalized_precision": 0.3333333333333333,
  "abstract_rationalized_recall": 0.2857142857142857,
  "abstract_rationalized_f1": 0.30769230769230765,
  "sentence_selection_precision": 0.5555555555555556,
  "sentence_selection_recall": 0.4166666666666667,
  "sentence_selection_f1": 0.4761904761904762,
  "sentence_label_precision": 0.4444444444444444,
  "sentence_label_recall": 0.3333333333333333,
  "sentence_label_f1": 0.380952380952381
}